iter	MAE
0	564.7738862
1	549.6645642
2	536.91138
3	522.7928038
4	509.561298
5	497.3866635
6	484.5104296
7	472.6584086
8	462.3260348
9	450.8801252
10	439.66503
11	428.4083608
12	417.8329775
13	407.7397231
14	398.5117769
15	389.5025429
16	380.8054666
17	372.3706066
18	363.7216437
19	356.6748093
20	349.11389
21	342.0244059
22	335.1866263
23	329.2680209
24	323.1055699
25	316.9320924
26	311.6634892
27	306.0016561
28	300.5605948
29	295.490381
30	291.1568914
31	286.5060058
32	281.9995929
